{
  "GET-TOKEN" : {
    "transaction" : "GET-TOKEN",
    "sampleCount" : 14617,
    "errorCount" : 0,
    "errorPct" : 0.0,
    "meanResTime" : 1.8779503318054267,
    "medianResTime" : 1.0,
    "minResTime" : 0.0,
    "maxResTime" : 435.0,
    "pct1ResTime" : 3.0,
    "pct2ResTime" : 5.0,
    "pct3ResTime" : 19.0,
    "throughput" : 48.89757168042124,
    "receivedKBytesPerSec" : 35.945951992265776,
    "sentKBytesPerSec" : 9.282101915868546
  },
  "REST-PRODUITS-FORUNISSEUR" : {
    "transaction" : "REST-PRODUITS-FORUNISSEUR",
    "sampleCount" : 14520,
    "errorCount" : 0,
    "errorPct" : 0.0,
    "meanResTime" : 216.70874655647359,
    "medianResTime" : 10.0,
    "minResTime" : 1.0,
    "maxResTime" : 2525.0,
    "pct1ResTime" : 906.0,
    "pct2ResTime" : 1075.0,
    "pct3ResTime" : 1314.789999999999,
    "throughput" : 48.67631923887937,
    "receivedKBytesPerSec" : 15750.659165037277,
    "sentKBytesPerSec" : 17.939230867222935
  },
  "POST LOGIN" : {
    "transaction" : "POST LOGIN",
    "sampleCount" : 51,
    "errorCount" : 0,
    "errorPct" : 0.0,
    "meanResTime" : 14.13725490196079,
    "medianResTime" : 4.0,
    "minResTime" : 2.0,
    "maxResTime" : 416.0,
    "pct1ResTime" : 16.400000000000013,
    "pct2ResTime" : 25.599999999999994,
    "pct3ResTime" : 416.0,
    "throughput" : 2.9005289199795254,
    "receivedKBytesPerSec" : 10.653212175823239,
    "sentKBytesPerSec" : 1.3028608954672127
  },
  "UPDATE-PRODUIT-0" : {
    "transaction" : "UPDATE-PRODUIT-0",
    "sampleCount" : 1276,
    "errorCount" : 0,
    "errorPct" : 0.0,
    "meanResTime" : 190.04231974921638,
    "medianResTime" : 2.0,
    "minResTime" : 0.0,
    "maxResTime" : 1708.0,
    "pct1ResTime" : 841.1999999999998,
    "pct2ResTime" : 1009.8999999999992,
    "pct3ResTime" : 1255.2800000000007,
    "throughput" : 4.472108900758436,
    "receivedKBytesPerSec" : 1.6158987239068567,
    "sentKBytesPerSec" : 2.3136971313752084
  },
  "EDITION-PRODUIT" : {
    "transaction" : "EDITION-PRODUIT",
    "sampleCount" : 1282,
    "errorCount" : 0,
    "errorPct" : 0.0,
    "meanResTime" : 189.0795631825273,
    "medianResTime" : 2.0,
    "minResTime" : 0.0,
    "maxResTime" : 2240.0,
    "pct1ResTime" : 811.1000000000001,
    "pct2ResTime" : 999.9499999999994,
    "pct3ResTime" : 1284.17,
    "throughput" : 4.476616488055955,
    "receivedKBytesPerSec" : 21.520361353870946,
    "sentKBytesPerSec" : 0.8592223657538839
  },
  "UPDATE-PRODUIT-1" : {
    "transaction" : "UPDATE-PRODUIT-1",
    "sampleCount" : 1276,
    "errorCount" : 0,
    "errorPct" : 0.0,
    "meanResTime" : 348.5509404388716,
    "medianResTime" : 88.0,
    "minResTime" : 8.0,
    "maxResTime" : 2976.0,
    "pct1ResTime" : 1236.6999999999996,
    "pct2ResTime" : 1512.5999999999995,
    "pct3ResTime" : 1858.23,
    "throughput" : 4.466864338249451,
    "receivedKBytesPerSec" : 3394.4053179172984,
    "sentKBytesPerSec" : 0.7721044803419462
  },
  "DISPLAY LOGIN" : {
    "transaction" : "DISPLAY LOGIN",
    "sampleCount" : 51,
    "errorCount" : 0,
    "errorPct" : 0.0,
    "meanResTime" : 6.8431372549019605,
    "medianResTime" : 4.0,
    "minResTime" : 2.0,
    "maxResTime" : 76.0,
    "pct1ResTime" : 15.200000000000017,
    "pct2ResTime" : 23.19999999999998,
    "pct3ResTime" : 76.0,
    "throughput" : 4.869664852477801,
    "receivedKBytesPerSec" : 9.920039924090517,
    "sentKBytesPerSec" : 1.3791043039243769
  },
  "REST-PRODUITS" : {
    "transaction" : "REST-PRODUITS",
    "sampleCount" : 14588,
    "errorCount" : 0,
    "errorPct" : 0.0,
    "meanResTime" : 248.2994241842609,
    "medianResTime" : 26.0,
    "minResTime" : 2.0,
    "maxResTime" : 2644.0,
    "pct1ResTime" : 991.0,
    "pct2ResTime" : 1170.0,
    "pct3ResTime" : 1428.2200000000012,
    "throughput" : 48.775594816172045,
    "receivedKBytesPerSec" : 47176.65995838021,
    "sentKBytesPerSec" : 17.308960050729894
  },
  "ACTUATOR ACTIVE CONNEXIONS" : {
    "transaction" : "ACTUATOR ACTIVE CONNEXIONS",
    "sampleCount" : 27,
    "errorCount" : 0,
    "errorPct" : 0.0,
    "meanResTime" : 5.296296296296296,
    "medianResTime" : 2.0,
    "minResTime" : 0.0,
    "maxResTime" : 40.0,
    "pct1ResTime" : 15.599999999999987,
    "pct2ResTime" : 35.99999999999998,
    "pct3ResTime" : 40.0,
    "throughput" : 0.10378308566332767,
    "receivedKBytesPerSec" : 0.06348681017881441,
    "sentKBytesPerSec" : 0.021587692623328898
  },
  "UPDATE-PRODUIT" : {
    "transaction" : "UPDATE-PRODUIT",
    "sampleCount" : 1276,
    "errorCount" : 0,
    "errorPct" : 0.0,
    "meanResTime" : 538.6849529780567,
    "medianResTime" : 89.0,
    "minResTime" : 11.0,
    "maxResTime" : 4175.0,
    "pct1ResTime" : 2048.9999999999995,
    "pct2ResTime" : 2491.3499999999985,
    "pct3ResTime" : 2968.07,
    "throughput" : 4.466395275981925,
    "receivedKBytesPerSec" : 3395.662708044193,
    "sentKBytesPerSec" : 3.082764523879113
  },
  "Total" : {
    "transaction" : "Total",
    "sampleCount" : 61878,
    "errorCount" : 0,
    "errorPct" : 0.0,
    "meanResTime" : 180.93716668282698,
    "medianResTime" : 525.0,
    "minResTime" : 0.0,
    "maxResTime" : 4175.0,
    "pct1ResTime" : 1180.0,
    "pct2ResTime" : 1329.0,
    "pct3ResTime" : 1973.900000000016,
    "throughput" : 206.05737691270252,
    "receivedKBytesPerSec" : 73503.12617397579,
    "sentKBytesPerSec" : 70.34309491500025
  },
  "AJOUT-PRODUIT" : {
    "transaction" : "AJOUT-PRODUIT",
    "sampleCount" : 7222,
    "errorCount" : 0,
    "errorPct" : 0.0,
    "meanResTime" : 194.2816394350599,
    "medianResTime" : 2.0,
    "minResTime" : 0.0,
    "maxResTime" : 2500.0,
    "pct1ResTime" : 838.3999999999996,
    "pct2ResTime" : 1006.8499999999995,
    "pct3ResTime" : 1243.7699999999995,
    "throughput" : 24.271469428770192,
    "receivedKBytesPerSec" : 14.073844562570788,
    "sentKBytesPerSec" : 15.485111297096969
  },
  "HOME_URLS" : {
    "transaction" : "HOME_URLS",
    "sampleCount" : 50,
    "errorCount" : 0,
    "errorPct" : 0.0,
    "meanResTime" : 15.399999999999999,
    "medianResTime" : 13.5,
    "minResTime" : 7.0,
    "maxResTime" : 40.0,
    "pct1ResTime" : 26.599999999999994,
    "pct2ResTime" : 32.24999999999998,
    "pct3ResTime" : 40.0,
    "throughput" : 4.95589255624938,
    "receivedKBytesPerSec" : 1512.4619402938843,
    "sentKBytesPerSec" : 7.419319617900683
  },
  "FOURNISSEURS" : {
    "transaction" : "FOURNISSEURS",
    "sampleCount" : 1429,
    "errorCount" : 0,
    "errorPct" : 0.0,
    "meanResTime" : 206.2778166550036,
    "medianResTime" : 1.0,
    "minResTime" : 0.0,
    "maxResTime" : 2321.0,
    "pct1ResTime" : 871.0,
    "pct2ResTime" : 1036.5,
    "pct3ResTime" : 1258.4000000000005,
    "throughput" : 4.936932330515355,
    "receivedKBytesPerSec" : 14.65169663323844,
    "sentKBytesPerSec" : 0.872641359202421
  },
  "PRODUITS" : {
    "transaction" : "PRODUITS",
    "sampleCount" : 1300,
    "errorCount" : 0,
    "errorPct" : 0.0,
    "meanResTime" : 350.71461538461557,
    "medianResTime" : 85.0,
    "minResTime" : 7.0,
    "maxResTime" : 2172.0,
    "pct1ResTime" : 1301.5000000000005,
    "pct2ResTime" : 1479.8500000000001,
    "pct3ResTime" : 1718.88,
    "throughput" : 4.479746377435862,
    "receivedKBytesPerSec" : 3342.155577768828,
    "sentKBytesPerSec" : 0.7743311609435035
  },
  "DISPLAY LOGIN-1" : {
    "transaction" : "DISPLAY LOGIN-1",
    "sampleCount" : 51,
    "errorCount" : 0,
    "errorPct" : 0.0,
    "meanResTime" : 2.2352941176470593,
    "medianResTime" : 1.0,
    "minResTime" : 0.0,
    "maxResTime" : 13.0,
    "pct1ResTime" : 6.6000000000000085,
    "pct2ResTime" : 8.399999999999999,
    "pct3ResTime" : 13.0,
    "throughput" : 4.901960784313726,
    "receivedKBytesPerSec" : 7.9896216299019605,
    "sentKBytesPerSec" : 0.8329503676470589
  },
  "DISPLAY LOGIN-0" : {
    "transaction" : "DISPLAY LOGIN-0",
    "sampleCount" : 51,
    "errorCount" : 0,
    "errorPct" : 0.0,
    "meanResTime" : 4.294117647058824,
    "medianResTime" : 2.0,