{
  "GET-TOKEN" : {
    "transaction" : "GET-TOKEN",
    "sampleCount" : 20000,
    "errorCount" : 0,
    "errorPct" : 0.0,
    "meanResTime" : 3.7733999999999828,
    "minResTime" : 0.0,
    "maxResTime" : 206.0,
    "pct1ResTime" : 8.0,
    "pct2ResTime" : 13.0,
    "pct3ResTime" : 43.0,
    "throughput" : 48.364786566196884,
    "receivedKBytesPerSec" : 35.55327577722212,
    "sentKBytesPerSec" : 9.322227594408064
  },
  "REST-PRODUITS-FORUNISSEUR" : {
    "transaction" : "REST-PRODUITS-FORUNISSEUR",
    "sampleCount" : 20000,
    "errorCount" : 0,
    "errorPct" : 0.0,
    "meanResTime" : 286.43330000000094,
    "minResTime" : 3.0,
    "maxResTime" : 1737.0,
    "pct1ResTime" : 698.0,
    "pct2ResTime" : 782.0,
    "pct3ResTime" : 922.0,
    "throughput" : 48.33392945179657,
    "receivedKBytesPerSec" : 18772.339399379936,
    "sentKBytesPerSec" : 17.954100665679043
  },
  "POST LOGIN" : {
    "transaction" : "POST LOGIN",
    "sampleCount" : 51,
    "errorCount" : 0,
    "errorPct" : 0.0,
    "meanResTime" : 3.8039215686274503,
    "minResTime" : 1.0,
    "maxResTime" : 21.0,
    "pct1ResTime" : 8.800000000000004,
    "pct2ResTime" : 12.599999999999994,
    "pct3ResTime" : 21.0,
    "throughput" : 5.1297525648762825,
    "receivedKBytesPerSec" : 18.840819723144236,
    "sentKBytesPerSec" : 2.3363044721886945
  },
  "UPDATE-PRODUIT-0" : {
    "transaction" : "UPDATE-PRODUIT-0",
    "sampleCount" : 3300,
    "errorCount" : 0,
    "errorPct" : 0.0,
    "meanResTime" : 117.59757575757556,
    "minResTime" : 0.0,
    "maxResTime" : 1211.0,
    "pct1ResTime" : 491.9000000000001,
    "pct2ResTime" : 618.9499999999998,
    "pct3ResTime" : 791.9399999999987,
    "throughput" : 4.607316977823447,
    "receivedKBytesPerSec" : 1.664753204877613,
    "sentKBytesPerSec" : 2.398169023437282
  },
  "EDITION-PRODUIT" : {
    "transaction" : "EDITION-PRODUIT",
    "sampleCount" : 3300,
    "errorCount" : 0,
    "errorPct" : 0.0,
    "meanResTime" : 121.7999999999998,
    "minResTime" : 0.0,
    "maxResTime" : 1480.0,
    "pct1ResTime" : 497.8000000000002,
    "pct2ResTime" : 640.0,
    "pct3ResTime" : 815.909999999998,
    "throughput" : 4.607677228021379,
    "receivedKBytesPerSec" : 22.280076078597897,
    "sentKBytesPerSec" : 0.8988365811349127
  },
  "UPDATE-PRODUIT-1" : {
    "transaction" : "UPDATE-PRODUIT-1",
    "sampleCount" : 3300,
    "errorCount" : 0,
    "errorPct" : 0.0,
    "meanResTime" : 312.5612121212129,
    "minResTime" : 33.0,
    "maxResTime" : 2100.0,
    "pct1ResTime" : 847.5000000000005,
    "pct2ResTime" : 998.8499999999995,
    "pct3ResTime" : 1217.9799999999996,
    "throughput" : 4.6067123987570255,
    "receivedKBytesPerSec" : 4830.821028263576,
    "sentKBytesPerSec" : 0.8097736638440083
  },
  "DISPLAY LOGIN" : {
    "transaction" : "DISPLAY LOGIN",
    "sampleCount" : 51,
    "errorCount" : 0,
    "errorPct" : 0.0,
    "meanResTime" : 3.6470588235294112,
    "minResTime" : 1.0,
    "maxResTime" : 20.0,
    "pct1ResTime" : 6.800000000000004,
    "pct2ResTime" : 12.199999999999989,
    "pct3ResTime" : 20.0,
    "throughput" : 5.245834190495783,
    "receivedKBytesPerSec" : 10.686338009154495,
    "sentKBytesPerSec" : 1.5163739456901872
  },
  "ACUATOR ACTIVE CONNEXIONS" : {
    "transaction" : "ACUATOR ACTIVE CONNEXIONS",
    "sampleCount" : 100,
    "errorCount" : 0,
    "errorPct" : 0.0,
    "meanResTime" : 5.940000000000002,
    "minResTime" : 1.0,
    "maxResTime" : 142.0,
    "pct1ResTime" : 12.0,
    "pct2ResTime" : 19.799999999999955,
    "pct3ResTime" : 141.10999999999956,
    "throughput" : 0.5018417592564712,
    "receivedKBytesPerSec" : 0.30704972404976266,
    "sentKBytesPerSec" : 0.10585724609316191
  },
  "REST-PRODUITS" : {
    "transaction" : "REST-PRODUITS",
    "sampleCount" : 20000,
    "errorCount" : 0,
    "errorPct" : 0.0,
    "meanResTime" : 340.8324999999982,
    "minResTime" : 9.0,
    "maxResTime" : 2385.0,
    "pct1ResTime" : 768.0,
    "pct2ResTime" : 856.0,
    "pct3ResTime" : 1011.9900000000016,
    "throughput" : 48.30906205540567,
    "receivedKBytesPerSec" : 56062.83333488703,
    "sentKBytesPerSec" : 17.284387975512136
  },
  "UPDATE-PRODUIT" : {
    "transaction" : "UPDATE-PRODUIT",
    "sampleCount" : 3300,
    "errorCount" : 0,
    "errorPct" : 0.0,
    "meanResTime" : 430.2609090909096,
    "minResTime" : 34.0,
    "maxResTime" : 2756.0,
    "pct1ResTime" : 1315.1000000000008,
    "pct2ResTime" : 1603.8499999999995,
    "pct3ResTime" : 1945.9299999999985,
    "throughput" : 4.606693106293161,
    "receivedKBytesPerSec" : 4832.4653250370975,
    "sentKBytesPerSec" : 3.2076145626991868
  },
  "Total" : {
    "transaction" : "Total",
    "sampleCount" : 87656,
    "errorCount" : 0,
    "errorPct" : 0.0,
    "meanResTime" : 220.7958610933637,
    "minResTime" : 0.0,
    "maxResTime" : 2756.0,
    "pct1ResTime" : 832.0,
    "pct2ResTime" : 926.0,
    "pct3ResTime" : 1411.9200000000128,
    "throughput" : 119.95051781139841,
    "receivedKBytesPerSec" : 58217.284695208924,
    "sentKBytesPerSec" : 38.98296306505621
  },
  "AJOUT-PRODUIT" : {
    "transaction" : "AJOUT-PRODUIT",
    "sampleCount" : 4000,
    "errorCount" : 0,
    "errorPct" : 0.0,
    "meanResTime" : 246.40324999999987,
    "minResTime" : 1.0,
    "maxResTime" : 1558.0,
    "pct1ResTime" : 641.0,
    "pct2ResTime" : 713.0,
    "pct3ResTime" : 852.0,
    "throughput" : 9.765005151040217,
    "receivedKBytesPerSec" : 5.663717291810091,
    "sentKBytesPerSec" : 6.258312174550688
  },
  "HOME_URLS" : {
    "transaction" : "HOME_URLS",
    "sampleCount" : 50,
    "errorCount" : 0,
    "errorPct" : 0.0,
    "meanResTime" : 12.759999999999996,
    "minResTime" : 7.0,
    "maxResTime" : 33.0,
    "pct1ResTime" : 21.0,
    "pct2ResTime" : 27.699999999999974,
    "pct3ResTime" : 33.0,
    "throughput" : 5.030687191870409,
    "receivedKBytesPerSec" : 1535.2881090275682,
    "sentKBytesPerSec" : 7.531292446423182
  },
  "FOURNISSEURS" : {
    "transaction" : "FOURNISSEURS",
    "sampleCount" : 1700,
    "errorCount" : 0,
    "errorPct" : 0.0,
    "meanResTime" : 231.53705882352915,
    "minResTime" : 0.0,
    "maxResTime" : 1673.0,
    "pct1ResTime" : 596.9000000000001,
    "pct2ResTime" : 686.9499999999998,
    "pct3ResTime" : 815.98,
    "throughput" : 4.630953840286574,
    "receivedKBytesPerSec" : 13.743621797491112,
    "sentKBytesPerSec" : 0.8321245181764938
  },
  "PRODUITS" : {
    "transaction" : "PRODUITS",
    "sampleCount" : 3300,
    "errorCount" : 0,
    "errorPct" : 0.0,
    "meanResTime" : 321.9527272727271,
    "minResTime" : 32.0,
    "maxResTime" : 1883.0,
    "pct1ResTime" : 874.0,
    "pct2ResTime" : 1031.0,
    "pct3ResTime" : 1231.9899999999998,
    "throughput" : 4.60878406310403,
    "receivedKBytesPerSec" : 4805.15139391932,
    "sentKBytesPerSec" : 0.8101378235925053
  },
  "DISPLAY LOGIN-1" : {
    "transaction" : "DISPLAY LOGIN-1",
    "sampleCount" : 51,
    "errorCount" : 0,
    "errorPct" : 0.0,
    "meanResTime" : 1.2156862745098043,
    "minResTime" : 0.0,
    "maxResTime" : 16.0,
    "pct1ResTime" : 2.0,
    "pct2ResTime" : 3.3999999999999986,
    "pct3ResTime" : 16.0,
    "throughput" : 5.248533497993208,
    "receivedKBytesPerSec" : 8.554494539209632,
    "sentKBytesPerSec" : 0.9072172159617166
  },
  "DISPLAY LOGIN-0" : {
    "transaction" : "DISPLAY LOGIN-0",
    "sampleCount" : 51,
    "errorCount" : 0,
    "errorPct" : 0.0,
    "meanResTime" : 2.0588235294117645,
    "minResTime" : 0.0,
    "maxResTime" : 13.0,
    "pct1ResTime" : 3.8000000000000043,
    "pct2ResTime" : 4.399999999999999,
    "pct3ResTime" : 13.0,
    "throughput" : 5.245834190495783,
    "receivedKBytesPerSec" : 2.1362430248405677,
    "sentKBytesPerSec" : 0.6096233092470685
  },
  "POST LOGIN-1" : {
    "transaction" : "POST LOGIN-1",
    "sampleCount" : 51,
    "errorCount" : 0,
    "errorPct" : 0.0,
    "meanResTime" : 1.7254901960784312,
    "minResTime" : 0.0,
    "maxResTime" : 11.0,
    "pct1ResTime" : 4.0,